{
  "预抓取新": {
    "name": "预抓取新",
    "arm_angles": [
      89.0,
      -59.0,
      -31.0,
      8.0,
      4.0,
      39.0
    ],
    "hand_angles": [
      0,
      0,
      800,
      800,
      1000,
      0
    ],
    "arm_velocity": 20,
    "hand_velocity": 1000,
    "creation_time": 1750333442.230024,
    "last_modified": 1750334447.9875708
  },
  "初始抓": {
    "name": "初始抓",
    "arm_angles": [
      91.0,
      -49.0,
      -38.0,
      4.0,
      -40.0,
      -23.0
    ],
    "hand_angles": [
      0,
      0,
      700,
      700,
      900,
      0
    ],
    "arm_velocity": 20,
    "hand_velocity": 1000,
    "creation_time": 1751026630.7385445,
    "last_modified": 1751030067.3869503
  },
  "抓薯片": {
    "name": "抓薯片",
    "arm_angles": [
      91,
      -49,
      -38,
      4,
      -40,
      -23
    ],
    "hand_angles": [
      0,
      0,
      482,
      560,
      631,
      0
    ],
    "arm_velocity": 20,
    "hand_velocity": 1000,
    "creation_time": 1751028029.3053432,
    "last_modified": 1751029986.037499
  },
  "蘸取终": {
    "name": "蘸取终",
    "arm_angles": [
      95,
      -48,
      -44,
      9,
      -34,
      -23
    ],
    "hand_angles": [
      0,
      0,
      482,
      560,
      632,
      0
    ],
    "arm_velocity": 20,
    "hand_velocity": 1000,
    "creation_time": 1751029672.8218572,
    "last_modified": 1751029672.8218575
  },
  "蘸取后抬起": {
    "name": "蘸取后抬起",
    "arm_angles": [
      95,
      -45,
      -44,
      9,
      -34,
      -11
    ],
    "hand_angles": [
      0,
      0,
      482,
      560,
      632,
      0
    ],
    "arm_velocity": 20,
    "hand_velocity": 1000,
    "creation_time": 1751029713.1337175,
    "last_modified": 1751029713.1337178
  },
  "放置前": {
    "name": "放置前",
    "arm_angles": [
      90,
      -37,
      -44,
      -14,
      -57,
      -11
    ],
    "hand_angles": [
      0,
      0,
      482,
      560,
      632,
      0
    ],
    "arm_velocity": 20,
    "hand_velocity": 1000,
    "creation_time": 1751029798.2054496,
    "last_modified": 1751034769.0579443
  },
  "放置": {
    "name": "放置",
    "arm_angles": [
      90,
      -37,
      -44,
      -14,
      -57,
      -11
    ],
    "hand_angles": [
      0,
      0,
      705,
      714,
      774,
      0
    ],
    "arm_velocity": 20,
    "hand_velocity": 1000,
    "creation_time": 1751029817.3348665,
    "last_modified": 1751034782.0690846
  },
  "准备蘸": {
    "name": "准备蘸",
    "arm_angles": [
      96,
      -47,
      -35,
      3,
      -41,
      -23
    ],
    "hand_angles": [
      0,
      0,
      482,
      560,
      631,
      0
    ],
    "arm_velocity": 20,
    "hand_velocity": 1000,
    "creation_time": 1751030314.7504876,
    "last_modified": 1751030314.7504878
  },
  "蘸取开始": {
    "name": "蘸取开始",
    "arm_angles": [
      96,
      -51,
      -35,
      3,
      -41,
      -23
    ],
    "hand_angles": [
      0,
      0,
      482,
      560,
      631,
      0
    ],
    "arm_velocity": 20,
    "hand_velocity": 1000,
    "creation_time": 1751030356.2302706,
    "last_modified": 1751030356.2302709
  },
  "蘸取中": {
    "name": "蘸取中",
    "arm_angles": [
      96,
      -51,
      -35,
      3,
      -41,
      -17
    ],
    "hand_angles": [
      0,
      0,
      482,
      560,
      631,
      0
    ],
    "arm_velocity": 20,
    "hand_velocity": 1000,
    "creation_time": 1751030427.131776,
    "last_modified": 1751030427.131776
  },
  "开始蘸取": {
    "name": "开始蘸取",
    "arm_angles": [
      91,
      -62,
      -18,
      4,
      -31,
      -23
    ],
    "hand_angles": [
      0,
      0,
      482,
      558,
      632,
      0
    ],
    "arm_velocity": 20,
    "hand_velocity": 1000,
    "creation_time": 1751033671.2118123,
    "last_modified": 1751033671.2118125
  },
  "结束蘸取": {
    "name": "结束蘸取",
    "arm_angles": [
      91,
      -62,
      -18,
      4,
      -33,
      -23
    ],
    "hand_angles": [
      0,
      0,
      482,
      558,
      632,
      0
    ],
    "arm_velocity": 20,
    "hand_velocity": 1000,
    "creation_time": 1751033696.845237,
    "last_modified": 1751033696.8452375
  },
  "蘸取完成": {
    "name": "蘸取完成",
    "arm_angles": [
      91,
      -56,
      -18,
      4,
      -33,
      -23
    ],
    "hand_angles": [
      0,
      0,
      482,
      558,
      632,
      0
    ],
    "arm_velocity": 20,
    "hand_velocity": 1000,
    "creation_time": 1751033716.8619294,
    "last_modified": 1751033716.8619297
  },
  "最最最开始": {
    "name": "最最最开始",
    "arm_angles": [
      91,
      -49,
      -26,
      3,
      -50,
      -23
    ],
    "hand_angles": [
      0,
      0,
      700,
      700,
      900,
      0
    ],
    "arm_velocity": 20,
    "hand_velocity": 1000,
    "creation_time": 1751034227.0087562,
    "last_modified": 1751034589.0030644
  },
  "2": {
    "name": "2",
    "arm_angles": [
      91.0,
      -49.0,
      -38.0,
      4.0,
      -40.0,
      -23.0
    ],
    "hand_angles": [
      0,
      0,
      513,
      595,
      653,
      0
    ],
    "arm_velocity": 20,
    "hand_velocity": 1000,
    "creation_time": 1751038065.322794,
    "last_modified": 1751038065.3227942
  },
  "3": {
    "name": "3",
    "arm_angles": [
      91.0,
      -49.0,
      -38.0,
      4.0,
      -40.0,
      -23.0
    ],
    "hand_angles": [
      0,
      0,
      508,
      583,
      640,
      0
    ],
    "arm_velocity": 20,
    "hand_velocity": 1000,
    "creation_time": 1751038074.8775222,
    "last_modified": 1751038074.8775222
  },
  "豆腐1": {
    "name": "豆腐1",
    "arm_angles": [
      91.0,
      -49.0,
      -38.0,
      4.0,
      -40.0,
      -23.0
    ],
    "hand_angles": [
      0,
      0,
      743,
      742,
      900,
      0
    ],
    "arm_velocity": 20,
    "hand_velocity": 1000,
    "creation_time": 1751039247.365069,
    "last_modified": 1751039247.3650692
  },
  "食指触摸": {
    "name": "食指触摸",
    "arm_angles": [
      91.0,
      -49.0,
      -38.0,
      4.0,
      -40.0,
      -23.0
    ],
    "hand_angles": [
      0,
      0,
      743,
      718,
      900,
      0
    ],
    "arm_velocity": 20,
    "hand_velocity": 1000,
    "creation_time": 1751039290.0036876,
    "last_modified": 1751039290.0036876
  },
  "拇指触摸": {
    "name": "拇指触摸",
    "arm_angles": [
      91.0,
      -49.0,
      -38.0,
      4.0,
      -40.0,
      -23.0
    ],
    "hand_angles": [
      0,
      0,
      743,
      742,
      803,
      0
    ],
    "arm_velocity": 20,
    "hand_velocity": 1000,
    "creation_time": 1751039362.4856625,
    "last_modified": 1751039945.0934353
  },
  "接近1": {
    "name": "接近1",
    "arm_angles": [
      91.0,
      -49.0,
      -38.0,
      4.0,
      -40.0,
      -23.0
    ],
    "hand_angles": [
      0,
      0,
      727,
      727,
      887,
      0
    ],
    "arm_velocity": 20,
    "hand_velocity": 1000,
    "creation_time": 1751039626.562513,
    "last_modified": 1751039626.5625134
  },
  "接近2": {
    "name": "接近2",
    "arm_angles": [
      91.0,
      -49.0,
      -38.0,
      4.0,
      -40.0,
      -23.0
    ],
    "hand_angles": [
      0,
      0,
      707,
      709,
      868,
      0
    ],
    "arm_velocity": 20,
    "hand_velocity": 1000,
    "creation_time": 1751039644.299791,
    "last_modified": 1751039644.2997916
  },
  "接近3": {
    "name": "接近3",
    "arm_angles": [
      91.0,
      -49.0,
      -38.0,
      4.0,
      -40.0,
      -23.0
    ],
    "hand_angles": [
      0,
      0,
      684,
      695,
      850,
      0
    ],
    "arm_velocity": 20,
    "hand_velocity": 1000,
    "creation_time": 1751039668.6930907,
    "last_modified": 1751039668.6930912
  },
  "接近4": {
    "name": "接近4",
    "arm_angles": [
      91.0,
      -49.0,
      -38.0,
      4.0,
      -40.0,
      -23.0
    ],
    "hand_angles": [
      0,
      0,
      669,
      675,
      838,
      0
    ],
    "arm_velocity": 20,
    "hand_velocity": 1000,
    "creation_time": 1751039691.612378,